aglomerados,x,ds,cv
Total 31 aglomerados urbanos,12000,4178,34.8
Total 31 aglomerados urbanos,16000,4824,30.1
Total 31 aglomerados urbanos,20000,5393,27
Total 31 aglomerados urbanos,24000,5907,24.6
Total 31 aglomerados urbanos,28000,6380,22.8
Total 31 aglomerados urbanos,32000,6820,21.3
Total 31 aglomerados urbanos,36000,7233,20.1
Total 31 aglomerados urbanos,40000,7623,19.1
Total 31 aglomerados urbanos,44000,7995,18.2
Total 31 aglomerados urbanos,48000,8350,17.4
Total 31 aglomerados urbanos,52000,8690,16.7
Total 31 aglomerados urbanos,56000,9017,16.1
Total 31 aglomerados urbanos,60000,9333,15.6
Total 31 aglomerados urbanos,70000,10079,14.4
Total 31 aglomerados urbanos,80000,10772,13.5
Total 31 aglomerados urbanos,100000,12039,12
Total 31 aglomerados urbanos,120000,13183,11
Total 31 aglomerados urbanos,140000,14233,10.2
Total 31 aglomerados urbanos,200000,16991,8.5
Total 31 aglomerados urbanos,250000,18978,7.6
Total 31 aglomerados urbanos,300000,20768,6.9
Total 31 aglomerados urbanos,400000,23932,6
Total 31 aglomerados urbanos,500000,26702,5.3
Total 31 aglomerados urbanos,600000,29191,4.9
Total 31 aglomerados urbanos,800000,33568,4.2
Aglomerado Gran Buenos Aires ,16000,6119,38.2
Aglomerado Gran Buenos Aires ,20000,6840,34.2
Aglomerado Gran Buenos Aires ,24000,7492,31.2
Aglomerado Gran Buenos Aires ,28000,8091,28.9
Aglomerado Gran Buenos Aires ,32000,8649,27
Aglomerado Gran Buenos Aires ,36000,9172,25.5
Aglomerado Gran Buenos Aires ,40000,9666,24.2
Aglomerado Gran Buenos Aires ,44000,10137,23
Aglomerado Gran Buenos Aires ,48000,10586,22.1
Aglomerado Gran Buenos Aires ,52000,11016,21.2
Aglomerado Gran Buenos Aires ,56000,11430,20.4
Aglomerado Gran Buenos Aires ,60000,11830,19.7
Aglomerado Gran Buenos Aires ,70000,12773,18.2
Aglomerado Gran Buenos Aires ,80000,13649,17.1
Aglomerado Gran Buenos Aires ,100000,15249,15.2
Aglomerado Gran Buenos Aires ,120000,16691,13.9
Aglomerado Gran Buenos Aires ,140000,18015,12.9
Aglomerado Gran Buenos Aires ,200000,21482,10.7
Aglomerado Gran Buenos Aires ,250000,23970,9.6
Aglomerado Gran Buenos Aires ,300000,26207,8.7
Aglomerado Gran Buenos Aires ,400000,30142,7.5
Aglomerado Gran Buenos Aires ,500000,33567,6.7
Aglomerado Gran Buenos Aires ,600000,36624,6.1
Aglomerado Gran Buenos Aires ,800000,41949,5.2
Aglomerado Gran Buenos Aires ,1000000,46516,4.7
Aglomerado Gran Buenos Aires ,1500000,55777,3.7
Aglomerado Gran Buenos Aires ,2000000,62998,3.1
Aglomerado Gran Buenos Aires ,2500000,68823,2.8
Aglomerado Gran La Plata ,12000,3910,32.6
Aglomerado Gran La Plata ,16000,4502,28.1
Aglomerado Gran La Plata ,20000,5020,25.1
Aglomerado Gran La Plata ,24000,5484,22.8
Aglomerado Gran La Plata ,28000,5907,21.1
Aglomerado Gran La Plata ,32000,6297,19.7
Aglomerado Gran La Plata ,36000,6660,18.5
Aglomerado Gran La Plata ,40000,7001,17.5
Aglomerado Gran La Plata ,44000,7322,16.6
Aglomerado Gran La Plata ,48000,7625,15.9
Aglomerado Gran La Plata ,52000,7914,15.2
Aglomerado Gran La Plata ,56000,8189,14.6
Aglomerado Gran La Plata ,60000,8452,14.1
Aglomerado Gran La Plata ,70000,9062,12.9
Aglomerado Gran La Plata ,80000,9616,12
Aglomerado Gran La Plata ,100000,10588,10.6
Aglomerado Gran La Plata ,120000,11418,9.5
Aglomerado Gran La Plata ,140000,12134,8.7
Aglomerado Gran La Plata ,200000,13766,6.9
Aglomerado Gran La Plata ,250000,14669,5.9
Aglomerado Gran La Plata ,300000,15237,5.1
Aglomerado Gran La Plata ,400000,15495,3.9
Aglomerado Gran La Plata ,500000,14606,2.9
Aglomerado Gran La Plata ,600000,12322,2.1
Aglomerado Bahía Blanca – Cerri ,4000,1512,37.8
Aglomerado Bahía Blanca – Cerri ,6000,1845,30.8
Aglomerado Bahía Blanca – Cerri ,8000,2124,26.5
Aglomerado Bahía Blanca – Cerri ,12000,2584,21.5
Aglomerado Bahía Blanca – Cerri ,16000,2963,18.5
Aglomerado Bahía Blanca – Cerri ,20000,3291,16.5
Aglomerado Bahía Blanca – Cerri ,24000,3580,14.9
Aglomerado Bahía Blanca – Cerri ,28000,3840,13.7
Aglomerado Bahía Blanca – Cerri ,32000,4075,12.7
Aglomerado Bahía Blanca – Cerri ,36000,4292,11.9
Aglomerado Bahía Blanca – Cerri ,40000,4491,11.2
Aglomerado Bahía Blanca – Cerri ,44000,4675,10.6
Aglomerado Bahía Blanca – Cerri ,48000,4846,10.1
Aglomerado Bahía Blanca – Cerri ,52000,5005,9.6
Aglomerado Bahía Blanca – Cerri ,56000,5154,9.2
Aglomerado Bahía Blanca – Cerri ,60000,5292,8.8
Aglomerado Bahía Blanca – Cerri ,70000,5601,8
Aglomerado Bahía Blanca – Cerri ,80000,5862,7.3
Aglomerado Bahía Blanca – Cerri ,100000,6263,6.3
Aglomerado Bahía Blanca – Cerri ,120000,6527,5.4
Aglomerado Bahía Blanca – Cerri ,140000,6669,4.8
Aglomerado Bahía Blanca – Cerri ,200000,6416,3.2
Aglomerado Gran Santa Fe ,4000,1334,33.4
Aglomerado Gran Santa Fe ,6000,1631,27.2
Aglomerado Gran Santa Fe ,8000,1879,23.5
Aglomerado Gran Santa Fe ,12000,2293,19.1
Aglomerado Gran Santa Fe ,16000,2637,16.5
Aglomerado Gran Santa Fe ,20000,2936,14.7
Aglomerado Gran Santa Fe ,24000,3203,13.3
Aglomerado Gran Santa Fe ,28000,3445,12.3
Aglomerado Gran Santa Fe ,32000,3667,11.5
Aglomerado Gran Santa Fe ,36000,3873,10.8
Aglomerado Gran Santa Fe ,40000,4066,10.2
Aglomerado Gran Santa Fe ,44000,4246,9.6
Aglomerado Gran Santa Fe ,48000,4415,9.2
Aglomerado Gran Santa Fe ,52000,4575,8.8
Aglomerado Gran Santa Fe ,56000,4727,8.4
Aglomerado Gran Santa Fe ,60000,4871,8.1
Aglomerado Gran Santa Fe ,70000,5202,7.4
Aglomerado Gran Santa Fe ,80000,5498,6.9
Aglomerado Gran Santa Fe ,100000,6001,6
Aglomerado Gran Santa Fe ,120000,6410,5.3
Aglomerado Gran Santa Fe ,140000,6742,4.8
Aglomerado Gran Santa Fe ,200000,7369,3.7
Aglomerado Gran Santa Fe ,250000,7538,3
Aglomerado Gran Santa Fe ,300000,7409,2.5
Aglomerado Gran Rosario ,6000,2172,36.2
Aglomerado Gran Rosario ,8000,2506,31.3
Aglomerado Gran Rosario ,12000,3064,25.5
Aglomerado Gran Rosario ,16000,3533,22.1
Aglomerado Gran Rosario ,20000,3943,19.7
Aglomerado Gran Rosario ,24000,4313,18
Aglomerado Gran Rosario ,28000,4651,16.6
Aglomerado Gran Rosario ,32000,4964,15.5
Aglomerado Gran Rosario ,36000,5256,14.6
Aglomerado Gran Rosario ,40000,5531,13.8
Aglomerado Gran Rosario ,44000,5792,13.2
Aglomerado Gran Rosario ,48000,6040,12.6
Aglomerado Gran Rosario ,52000,6276,12.1
Aglomerado Gran Rosario ,56000,6502,11.6
Aglomerado Gran Rosario ,60000,6719,11.2
Aglomerado Gran Rosario ,70000,7227,10.3
Aglomerado Gran Rosario ,80000,7694,9.6
Aglomerado Gran Rosario ,100000,8529,8.5
Aglomerado Gran Rosario ,120000,9262,7.7
Aglomerado Gran Rosario ,140000,9916,7.1
Aglomerado Gran Rosario ,200000,11531,5.8
Aglomerado Gran Rosario ,250000,12585,5
Aglomerado Gran Rosario ,300000,13441,4.5
Aglomerado Gran Rosario ,400000,14692,3.7
Aglomerado Gran Rosario ,500000,15444,3.1
Aglomerado Gran Rosario ,600000,15770,2.6
Aglomerado Gran Paraná ,4000,1175,29.4
Aglomerado Gran Paraná ,6000,1433,23.9
Aglomerado Gran Paraná ,8000,1649,20.6
Aglomerado Gran Paraná ,12000,2005,16.7
Aglomerado Gran Paraná ,16000,2297,14.4
Aglomerado Gran Paraná ,20000,2548,12.7
Aglomerado Gran Paraná ,24000,2770,11.5
Aglomerado Gran Paraná ,28000,2968,10.6
Aglomerado Gran Paraná ,32000,3147,9.8
Aglomerado Gran Paraná ,36000,3311,9.2
Aglomerado Gran Paraná ,40000,3461,8.7
Aglomerado Gran Paraná ,44000,3599,8.2
Aglomerado Gran Paraná ,48000,3727,7.8
Aglomerado Gran Paraná ,52000,3845,7.4
Aglomerado Gran Paraná ,56000,3955,7.1
Aglomerado Gran Paraná ,60000,4056,6.8
Aglomerado Gran Paraná ,70000,4279,6.1
Aglomerado Gran Paraná ,80000,4463,5.6
Aglomerado Gran Paraná ,100000,4729,4.7
Aglomerado Gran Paraná ,120000,4879,4.1
Aglomerado Gran Paraná ,140000,4923,3.5
Aglomerado Posadas ,4000,1203,30.1
Aglomerado Posadas ,6000,1468,24.5
Aglomerado Posadas ,8000,1689,21.1
Aglomerado Posadas ,12000,2055,17.1
Aglomerado Posadas ,16000,2356,14.7
Aglomerado Posadas ,20000,2615,13.1
Aglomerado Posadas ,24000,2844,11.9
Aglomerado Posadas ,28000,3050,10.9
Aglomerado Posadas ,32000,3236,10.1
Aglomerado Posadas ,36000,3407,9.5
Aglomerado Posadas ,40000,3564,8.9
Aglomerado Posadas ,44000,3709,8.4
Aglomerado Posadas ,48000,3843,8
Aglomerado Posadas ,52000,3968,7.6
Aglomerado Posadas ,56000,4084,7.3
Aglomerado Posadas ,60000,4193,7
Aglomerado Posadas ,70000,4433,6.3
Aglomerado Posadas ,80000,4634,5.8
Aglomerado Posadas ,100000,4939,4.9
Aglomerado Posadas ,120000,5132,4.3
Aglomerado Posadas ,140000,5224,3.7
Aglomerado Posadas ,200000,4927,2.5
Aglomerado Gran Resistencia ,2000,808,40.4
Aglomerado Gran Resistencia ,4000,1139,28.5
Aglomerado Gran Resistencia ,6000,1392,23.2
Aglomerado Gran Resistencia ,8000,1603,20
Aglomerado Gran Resistencia ,12000,1953,16.3
Aglomerado Gran Resistencia ,16000,2243,14
Aglomerado Gran Resistencia ,20000,2494,12.5
Aglomerado Gran Resistencia ,24000,2717,11.3
Aglomerado Gran Resistencia ,28000,2919,10.4
Aglomerado Gran Resistencia ,32000,3103,9.7
Aglomerado Gran Resistencia ,36000,3273,9.1
Aglomerado Gran Resistencia ,40000,3431,8.6
Aglomerado Gran Resistencia ,44000,3578,8.1
Aglomerado Gran Resistencia ,48000,3715,7.7
Aglomerado Gran Resistencia ,52000,3844,7.4
Aglomerado Gran Resistencia ,56000,3966,7.1
Aglomerado Gran Resistencia ,60000,4080,6.8
Aglomerado Gran Resistencia ,70000,4340,6.2
Aglomerado Gran Resistencia ,80000,4567,5.7
Aglomerado Gran Resistencia ,100000,4939,4.9
Aglomerado Gran Resistencia ,120000,5221,4.4
Aglomerado Gran Resistencia ,140000,5426,3.9
Aglomerado Gran Resistencia ,200000,5656,2.8
Aglomerado Comodoro Rivadavia – Rada Tilly ,2000,629,31.4
Aglomerado Comodoro Rivadavia – Rada Tilly ,4000,883,22.1
Aglomerado Comodoro Rivadavia – Rada Tilly ,6000,1073,17.9
Aglomerado Comodoro Rivadavia – Rada Tilly ,8000,1230,15.4
Aglomerado Comodoro Rivadavia – Rada Tilly ,12000,1484,12.4
Aglomerado Comodoro Rivadavia – Rada Tilly ,16000,1688,10.5
Aglomerado Comodoro Rivadavia – Rada Tilly ,20000,1857,9.3
Aglomerado Comodoro Rivadavia – Rada Tilly ,24000,2001,8.3
Aglomerado Comodoro Rivadavia – Rada Tilly ,28000,2125,7.6
Aglomerado Comodoro Rivadavia – Rada Tilly ,32000,2232,7
Aglomerado Comodoro Rivadavia – Rada Tilly ,36000,2324,6.5
Aglomerado Comodoro Rivadavia – Rada Tilly ,40000,2404,6
Aglomerado Comodoro Rivadavia – Rada Tilly ,44000,2472,5.6
Aglomerado Comodoro Rivadavia – Rada Tilly ,48000,2530,5.3
Aglomerado Comodoro Rivadavia – Rada Tilly ,52000,2577,5
Aglomerado Comodoro Rivadavia – Rada Tilly ,56000,2615,4.7
Aglomerado Comodoro Rivadavia – Rada Tilly ,60000,2644,4.4
Aglomerado Comodoro Rivadavia – Rada Tilly ,70000,2680,3.8
Aglomerado Gran Mendoza ,4000,1539,38.5
Aglomerado Gran Mendoza ,6000,1882,31.4
Aglomerado Gran Mendoza ,8000,2171,27.1
Aglomerado Gran Mendoza ,12000,2653,22.1
Aglomerado Gran Mendoza ,16000,3057,19.1
Aglomerado Gran Mendoza ,20000,3410,17
Aglomerado Gran Mendoza ,24000,3727,15.5
Aglomerado Gran Mendoza ,28000,4016,14.3
Aglomerado Gran Mendoza ,32000,4284,13.4
Aglomerado Gran Mendoza ,36000,4533,12.6
Aglomerado Gran Mendoza ,40000,4768,11.9
Aglomerado Gran Mendoza ,44000,4989,11.3
Aglomerado Gran Mendoza ,48000,5198,10.8
Aglomerado Gran Mendoza ,52000,5398,10.4
Aglomerado Gran Mendoza ,56000,5588,10
Aglomerado Gran Mendoza ,60000,5771,9.6
Aglomerado Gran Mendoza ,70000,6196,8.9
Aglomerado Gran Mendoza ,60000,5771,9.6
Aglomerado Gran Mendoza ,100000,7271,7.3
Aglomerado Gran Mendoza ,150000,8624,5.7
Aglomerado Gran Mendoza ,200000,9622,4.8
Aglomerado Gran Mendoza ,250000,10368,4.1
Aglomerado Gran Mendoza ,300000,10914,3.6
Aglomerado Gran Mendoza ,400000,11510,2.9
Aglomerado Gran Mendoza ,500000,11518,2.3
Aglomerado Corrientes ,4000,1464,36.6
Aglomerado Corrientes ,6000,1788,29.8
Aglomerado Corrientes ,8000,2059,25.7
Aglomerado Corrientes ,12000,2507,20.9
Aglomerado Corrientes ,16000,2878,18
Aglomerado Corrientes ,20000,3199,16
Aglomerado Corrientes ,24000,3484,14.5
Aglomerado Corrientes ,28000,3740,13.4
Aglomerado Corrientes ,32000,3974,12.4
Aglomerado Corrientes ,36000,4189,11.6
Aglomerado Corrientes ,40000,4389,11
Aglomerado Corrientes ,44000,4574,10.4
Aglomerado Corrientes ,48000,4747,9.9
Aglomerado Corrientes ,52000,4909,9.4
Aglomerado Corrientes ,56000,5061,9
Aglomerado Corrientes ,60000,5204,8.7
Aglomerado Corrientes ,70000,5526,7.9
Aglomerado Corrientes ,60000,5204,8.7
Aglomerado Corrientes ,100000,6252,6.3
Aglomerado Corrientes ,150000,6878,4.6
Aglomerado Corrientes ,200000,6927,3.5
Aglomerado Gran Córdoba ,12000,4266,35.5
Aglomerado Gran Córdoba ,16000,4919,30.7
Aglomerado Gran Córdoba ,20000,5491,27.5
Aglomerado Gran Córdoba ,24000,6007,25
Aglomerado Gran Córdoba ,28000,6479,23.1
Aglomerado Gran Córdoba ,32000,6916,21.6
Aglomerado Gran Córdoba ,36000,7325,20.3
Aglomerado Gran Córdoba ,40000,7710,19.3
Aglomerado Gran Córdoba ,44000,8074,18.4
Aglomerado Gran Córdoba ,48000,8421,17.5
Aglomerado Gran Córdoba ,52000,8752,16.8
Aglomerado Gran Córdoba ,56000,9069,16.2
Aglomerado Gran Córdoba ,60000,9373,15.6
Aglomerado Gran Córdoba ,70000,10086,14.4
Aglomerado Gran Córdoba ,60000,9373,15.6
Aglomerado Gran Córdoba ,100000,11919,11.9
Aglomerado Gran Córdoba ,150000,14316,9.5
Aglomerado Gran Córdoba ,200000,16199,8.1
Aglomerado Gran Córdoba ,300000,19000,6.3
Aglomerado Gran Córdoba ,400000,20925,5.2
Aglomerado Gran Córdoba ,500000,22203,4.4
Aglomerado Gran Córdoba ,600000,22942,3.8
Aglomerado Concordia ,1000,405,40.5
Aglomerado Concordia ,2000,570,28.5
Aglomerado Concordia ,4000,801,20
Aglomerado Concordia ,6000,975,16.2
Aglomerado Concordia ,8000,1118,14
Aglomerado Concordia ,12000,1350,11.3
Aglomerado Concordia ,16000,1537,9.6
Aglomerado Concordia ,20000,1693,8.5
Aglomerado Concordia ,24000,1826,7.6
Aglomerado Concordia ,28000,1941,6.9
Aglomerado Concordia ,32000,2042,6.4
Aglomerado Concordia ,36000,2129,5.9
Aglomerado Concordia ,40000,2206,5.5
Aglomerado Concordia ,44000,2272,5.2
Aglomerado Concordia ,48000,2329,4.9
Aglomerado Concordia ,52000,2377,4.6
Aglomerado Concordia ,56000,2417,4.3
Aglomerado Concordia ,60000,2450,4.1
Aglomerado Concordia ,70000,2499,3.6
Aglomerado Concordia ,80000,2504,3.1
Aglomerado Formosa ,2000,618,30.9
Aglomerado Formosa ,4000,871,21.8
Aglomerado Formosa ,6000,1062,17.7
Aglomerado Formosa ,8000,1221,15.3
Aglomerado Formosa ,12000,1483,12.4
Aglomerado Formosa ,16000,1697,10.6
Aglomerado Formosa ,20000,1880,9.4
Aglomerado Formosa ,24000,2041,8.5
Aglomerado Formosa ,28000,2184,7.8
Aglomerado Formosa ,32000,2313,7.2
Aglomerado Formosa ,36000,2429,6.7
Aglomerado Formosa ,40000,2536,6.3
Aglomerado Formosa ,44000,2633,6
Aglomerado Formosa ,48000,2722,5.7
Aglomerado Formosa ,52000,2803,5.4
Aglomerado Formosa ,56000,2878,5.1
Aglomerado Formosa ,60000,2947,4.9
Aglomerado Formosa ,70000,3093,4.4
Aglomerado Formosa ,80000,3209,4
Aglomerado Formosa ,100000,3357,3.4
Aglomerado Formosa ,120000,3406,2.8
Aglomerado Formosa ,140000,3360,2.4
Aglomerado Neuquén - Plottier ,2000,770,38.5
Aglomerado Neuquén - Plottier ,4000,1085,27.1
Aglomerado Neuquén - Plottier ,6000,1323,22.1
Aglomerado Neuquén - Plottier ,8000,1522,19
Aglomerado Neuquén - Plottier ,12000,1850,15.4
Aglomerado Neuquén - Plottier ,16000,2119,13.2
Aglomerado Neuquén - Plottier ,20000,2350,11.7
Aglomerado Neuquén - Plottier ,24000,2553,10.6
Aglomerado Neuquén - Plottier ,28000,2735,9.8
Aglomerado Neuquén - Plottier ,32000,2899,9.1
Aglomerado Neuquén - Plottier ,36000,3048,8.5
Aglomerado Neuquén - Plottier ,40000,3185,8
Aglomerado Neuquén - Plottier ,44000,3311,7.5
Aglomerado Neuquén - Plottier ,48000,3427,7.1
Aglomerado Neuquén - Plottier ,52000,3534,6.8
Aglomerado Neuquén - Plottier ,56000,3633,6.5
Aglomerado Neuquén - Plottier ,60000,3724,6.2
Aglomerado Neuquén - Plottier ,70000,3923,5.6
Aglomerado Neuquén - Plottier ,80000,4086,5.1
Aglomerado Neuquén - Plottier ,100000,4315,4.3
Aglomerado Neuquén - Plottier ,120000,4432,3.7
Aglomerado Neuquén - Plottier ,140000,4447,3.2
Aglomerado Neuquén - Plottier ,160000,4359,2.7
Aglomerado Neuquén - Plottier ,180000,4164,2.3
Aglomerado Santiago del Estero – La Banda ,4000,1253,31.3
Aglomerado Santiago del Estero – La Banda ,6000,1530,25.5
Aglomerado Santiago del Estero – La Banda ,8000,1762,22
Aglomerado Santiago del Estero – La Banda ,12000,2146,17.9
Aglomerado Santiago del Estero – La Banda ,16000,2464,15.4
Aglomerado Santiago del Estero – La Banda ,20000,2740,13.7
Aglomerado Santiago del Estero – La Banda ,24000,2984,12.4
Aglomerado Santiago del Estero – La Banda ,28000,3204,11.4
Aglomerado Santiago del Estero – La Banda ,32000,3406,10.6
Aglomerado Santiago del Estero – La Banda ,36000,3591,10
Aglomerado Santiago del Estero – La Banda ,40000,3762,9.4
Aglomerado Santiago del Estero – La Banda ,44000,3922,8.9
Aglomerado Santiago del Estero – La Banda ,48000,4071,8.5
Aglomerado Santiago del Estero – La Banda ,52000,4211,8.1
Aglomerado Santiago del Estero – La Banda ,56000,4343,7.8
Aglomerado Santiago del Estero – La Banda ,60000,4467,7.4
Aglomerado Santiago del Estero – La Banda ,70000,4746,6.8
Aglomerado Santiago del Estero – La Banda ,80000,4989,6.2
Aglomerado Santiago del Estero – La Banda ,100000,5383,5.4
Aglomerado Santiago del Estero – La Banda ,120000,5675,4.7
Aglomerado Santiago del Estero – La Banda ,140000,5881,4.2
Aglomerado Santiago del Estero – La Banda ,160000,6009,3.8
Aglomerado Santiago del Estero – La Banda ,180000,6064,3.4
Aglomerado Santiago del Estero – La Banda ,200000,6049,3
Aglomerado Jujuy - Palpalá ,4000,1166,29.2
Aglomerado Jujuy - Palpalá ,6000,1424,23.7
Aglomerado Jujuy - Palpalá ,8000,1639,20.5
Aglomerado Jujuy - Palpalá ,12000,1994,16.6
Aglomerado Jujuy - Palpalá ,16000,2287,14.3
Aglomerado Jujuy - Palpalá ,20000,2539,12.7
Aglomerado Jujuy - Palpalá ,24000,2762,11.5
Aglomerado Jujuy - Palpalá ,28000,2962,10.6
Aglomerado Jujuy - Palpalá ,32000,3144,9.8
Aglomerado Jujuy - Palpalá ,36000,3311,9.2
Aglomerado Jujuy - Palpalá ,40000,3465,8.7
Aglomerado Jujuy - Palpalá ,44000,3607,8.2
Aglomerado Jujuy - Palpalá ,48000,3739,7.8
Aglomerado Jujuy - Palpalá ,52000,3861,7.4
Aglomerado Jujuy - Palpalá ,56000,3976,7.1
Aglomerado Jujuy - Palpalá ,60000,4083,6.8
Aglomerado Jujuy - Palpalá ,70000,4321,6.2
Aglomerado Jujuy - Palpalá ,80000,4522,5.7
Aglomerado Jujuy - Palpalá ,100000,4830,4.8
Aglomerado Jujuy - Palpalá ,120000,5032,4.2
Aglomerado Jujuy - Palpalá ,140000,5141,3.7
Aglomerado Jujuy - Palpalá ,160000,5162,3.2
Aglomerado Jujuy - Palpalá ,180000,5096,2.8
Aglomerado Jujuy - Palpalá ,200000,4940,2.5
Aglomerado Río Gallegos ,2000,505,25.3
Aglomerado Río Gallegos ,4000,707,17.7
Aglomerado Río Gallegos ,6000,855,14.3
Aglomerado Río Gallegos ,8000,976,12.2
Aglomerado Río Gallegos ,12000,1167,9.7
Aglomerado Río Gallegos ,16000,1313,8.2
Aglomerado Río Gallegos ,20000,1428,7.1
Aglomerado Río Gallegos ,24000,1520,6.3
Aglomerado Río Gallegos ,28000,1593,5.7
Aglomerado Río Gallegos ,32000,1648,5.2
Aglomerado Río Gallegos ,36000,1688,4.7
Aglomerado Río Gallegos ,40000,1714,4.3
Aglomerado Río Gallegos ,44000,1727,3.9
Aglomerado Río Gallegos ,48000,1726,3.6
Aglomerado Río Gallegos ,52000,1712,3.3
Aglomerado Río Gallegos ,56000,1685,3
Aglomerado Gran Catamarca ,4000,1429,35.7
Aglomerado Gran Catamarca ,6000,1744,29.1
Aglomerado Gran Catamarca ,8000,2007,25.1
Aglomerado Gran Catamarca ,12000,2442,20.3
Aglomerado Gran Catamarca ,16000,2801,17.5
Aglomerado Gran Catamarca ,20000,3110,15.5
Aglomerado Gran Catamarca ,24000,3383,14.1
Aglomerado Gran Catamarca ,28000,3628,13
Aglomerado Gran Catamarca ,32000,3851,12
Aglomerado Gran Catamarca ,36000,4055,11.3
Aglomerado Gran Catamarca ,40000,4243,10.6
Aglomerado Gran Catamarca ,44000,4417,10
Aglomerado Gran Catamarca ,48000,4579,9.5
Aglomerado Gran Catamarca ,52000,4729,9.1
Aglomerado Gran Catamarca ,56000,4869,8.7
Aglomerado Gran Catamarca ,60000,5000,8.3
Aglomerado Gran Catamarca ,70000,5292,7.6
Aglomerado Gran Catamarca ,80000,5538,6.9
Aglomerado Gran Catamarca ,100000,5916,5.9
Aglomerado Gran Catamarca ,120000,6163,5.1
Aglomerado Gran Catamarca ,140000,6296,4.5
Aglomerado Gran Catamarca ,160000,6322,4
Aglomerado Gran Catamarca ,180000,6241,3.5
Aglomerado Gran Catamarca ,200000,6050,3
Aglomerado Salta ,6000,2143,35.7
Aglomerado Salta ,8000,2470,30.9
Aglomerado Salta ,12000,3014,25.1
Aglomerado Salta ,16000,3467,21.7
Aglomerado Salta ,20000,3861,19.3
Aglomerado Salta ,24000,4214,17.6
Aglomerado Salta ,28000,4534,16.2
Aglomerado Salta ,32000,4828,15.1
Aglomerado Salta ,36000,5100,14.2
Aglomerado Salta ,40000,5355,13.4
Aglomerado Salta ,44000,5593,12.7
Aglomerado Salta ,48000,5818,12.1
Aglomerado Salta ,52000,6031,11.6
Aglomerado Salta ,56000,6233,11.1
Aglomerado Salta ,60000,6425,10.7
Aglomerado Salta ,70000,6867,9.8
Aglomerado Salta ,80000,7262,9.1
Aglomerado Salta ,100000,7940,7.9
Aglomerado Salta ,120000,8497,7.1
Aglomerado Salta ,140000,8956,6.4
Aglomerado Salta ,160000,9330,5.8
Aglomerado Salta ,180000,9631,5.4
Aglomerado Salta ,200000,9865,4.9
Aglomerado La Rioja ,2000,640,32
Aglomerado La Rioja ,4000,900,22.5
Aglomerado La Rioja ,6000,1096,18.3
Aglomerado La Rioja ,8000,1259,15.7
Aglomerado La Rioja ,12000,1524,12.7
Aglomerado La Rioja ,16000,1739,10.9
Aglomerado La Rioja ,20000,1920,9.6
Aglomerado La Rioja ,24000,2078,8.7
Aglomerado La Rioja ,28000,2216,7.9
Aglomerado La Rioja ,32000,2338,7.3
Aglomerado La Rioja ,36000,2446,6.8
Aglomerado La Rioja ,40000,2543,6.4
Aglomerado La Rioja ,44000,2629,6
Aglomerado La Rioja ,48000,2706,5.6
Aglomerado La Rioja ,52000,2775,5.3
Aglomerado La Rioja ,56000,2835,5.1
Aglomerado La Rioja ,60000,2888,4.8
Aglomerado La Rioja ,70000,2989,4.3
Aglomerado La Rioja ,80000,3050,3.8
Aglomerado San Luis – El Chorrillo ,2000,692,34.6
Aglomerado San Luis – El Chorrillo ,4000,974,24.4
Aglomerado San Luis – El Chorrillo ,6000,1187,19.8
Aglomerado San Luis – El Chorrillo ,8000,1364,17
Aglomerado San Luis – El Chorrillo ,12000,1653,13.8
Aglomerado San Luis – El Chorrillo ,16000,1889,11.8
Aglomerado San Luis – El Chorrillo ,20000,2089,10.4
Aglomerado San Luis – El Chorrillo ,24000,2263,9.4
Aglomerado San Luis – El Chorrillo ,28000,2417,8.6
Aglomerado San Luis – El Chorrillo ,32000,2555,8
Aglomerado San Luis – El Chorrillo ,36000,2678,7.4
Aglomerado San Luis – El Chorrillo ,40000,2789,7
Aglomerado San Luis – El Chorrillo ,44000,2889,6.6
Aglomerado San Luis – El Chorrillo ,48000,2979,6.2
Aglomerado San Luis – El Chorrillo ,52000,3061,5.9
Aglomerado San Luis – El Chorrillo ,56000,3134,5.6
Aglomerado San Luis – El Chorrillo ,60000,3200,5.3
Aglomerado San Luis – El Chorrillo ,70000,3334,4.8
Aglomerado San Luis – El Chorrillo ,80000,3429,4.3
Aglomerado San Luis – El Chorrillo ,100000,3510,3.5
Aglomerado San Luis – El Chorrillo ,120000,3454,2.9
Aglomerado San Luis – El Chorrillo ,140000,3255,2.3
Aglomerado Gran San Juan ,2000,599,30
Aglomerado Gran San Juan ,4000,844,21.1
Aglomerado Gran San Juan ,6000,1028,17.1
Aglomerado Gran San Juan ,8000,1181,14.8
Aglomerado Gran San Juan ,12000,1432,11.9
Aglomerado Gran San Juan ,16000,1636,10.2
Aglomerado Gran San Juan ,20000,1809,9
Aglomerado Gran San Juan ,24000,1960,8.2
Aglomerado Gran San Juan ,28000,2093,7.5
Aglomerado Gran San Juan ,32000,2212,6.9
Aglomerado Gran San Juan ,36000,2319,6.4
Aglomerado Gran San Juan ,40000,2415,6
Aglomerado Gran San Juan ,44000,2502,5.7
Aglomerado Gran San Juan ,48000,2580,5.4
Aglomerado Gran San Juan ,52000,2651,5.1
Aglomerado Gran San Juan ,56000,2714,4.8
Aglomerado Gran San Juan ,60000,2771,4.6
Aglomerado Gran San Juan ,70000,2887,4.1
Aglomerado Gran San Juan ,80000,2969,3.7
Aglomerado Gran San Juan ,100000,3039,3
Aglomerado Gran San Juan ,120000,2991,2.5
Aglomerado Gran San Juan ,140000,2819,2
Aglomerado Gran Tucumán – Tafí Viejo ,4000,1401,35
Aglomerado Gran Tucumán – Tafí Viejo ,6000,1714,28.6
Aglomerado Gran Tucumán – Tafí Viejo ,8000,1977,24.7
Aglomerado Gran Tucumán – Tafí Viejo ,12000,2415,20.1
Aglomerado Gran Tucumán – Tafí Viejo ,16000,2781,17.4
Aglomerado Gran Tucumán – Tafí Viejo ,20000,3102,15.5
Aglomerado Gran Tucumán – Tafí Viejo ,24000,3389,14.1
Aglomerado Gran Tucumán – Tafí Viejo ,28000,3652,13
Aglomerado Gran Tucumán – Tafí Viejo ,32000,3894,12.2
Aglomerado Gran Tucumán – Tafí Viejo ,36000,4119,11.4
Aglomerado Gran Tucumán – Tafí Viejo ,40000,4331,10.8
Aglomerado Gran Tucumán – Tafí Viejo ,44000,4531,10.3
Aglomerado Gran Tucumán – Tafí Viejo ,48000,4720,9.8
Aglomerado Gran Tucumán – Tafí Viejo ,52000,4900,9.4
Aglomerado Gran Tucumán – Tafí Viejo ,56000,5071,9.1
Aglomerado Gran Tucumán – Tafí Viejo ,60000,5235,8.7
Aglomerado Gran Tucumán – Tafí Viejo ,70000,5617,8
Aglomerado Gran Tucumán – Tafí Viejo ,80000,5964,7.5
Aglomerado Gran Tucumán – Tafí Viejo ,100000,6577,6.6
Aglomerado Gran Tucumán – Tafí Viejo ,120000,7103,5.9
Aglomerado Gran Tucumán – Tafí Viejo ,140000,7560,5.4
Aglomerado Gran Tucumán – Tafí Viejo ,160000,7961,5
Aglomerado Gran Tucumán – Tafí Viejo ,180000,8314,4.6
Aglomerado Gran Tucumán – Tafí Viejo ,200000,8624,4.3
Aglomerado Gran Tucumán – Tafí Viejo ,300000,9662,3.2
Aglomerado Gran Tucumán – Tafí Viejo ,400000,10010,2.5
Aglomerado Santa Rosa - Toay ,2000,641,32.1
Aglomerado Santa Rosa - Toay ,4000,899,22.5
Aglomerado Santa Rosa - Toay ,6000,1092,18.2
Aglomerado Santa Rosa - Toay ,8000,1250,15.6
Aglomerado Santa Rosa - Toay ,12000,1504,12.5
Aglomerado Santa Rosa - Toay ,16000,1704,10.7
Aglomerado Santa Rosa - Toay ,20000,1869,9.3
Aglomerado Santa Rosa - Toay ,24000,2007,8.4
Aglomerado Santa Rosa - Toay ,28000,2122,7.6
Aglomerado Santa Rosa - Toay ,32000,2220,6.9
Aglomerado Santa Rosa - Toay ,36000,2301,6.4
Aglomerado Santa Rosa - Toay ,40000,2368,5.9
Aglomerado Santa Rosa - Toay ,44000,2422,5.5
Aglomerado Santa Rosa - Toay ,48000,2464,5.1
Aglomerado Santa Rosa - Toay ,52000,2493,4.8
Aglomerado Santa Rosa - Toay ,56000,2512,4.5
Aglomerado Santa Rosa - Toay ,60000,2519,4.2
Aglomerado Santa Rosa - Toay ,70000,2490,3.6
Aglomerado Santa Rosa - Toay ,80000,2390,3
Aglomerado Santa Rosa - Toay ,100000,1922,1.9
Aglomerado Santa Rosa - Toay ,120000,551,0.5
Aglomerado Ushuaia – Río Grande ,2000,401,20.1
Aglomerado Ushuaia – Río Grande ,4000,562,14.1
Aglomerado Ushuaia – Río Grande ,6000,683,11.4
Aglomerado Ushuaia – Río Grande ,8000,782,9.8
Aglomerado Ushuaia – Río Grande ,12000,941,7.8
Aglomerado Ushuaia – Río Grande ,16000,1066,6.7
Aglomerado Ushuaia – Río Grande ,20000,1170,5.8
Aglomerado Ushuaia – Río Grande ,24000,1256,5.2
Aglomerado Ushuaia – Río Grande ,28000,1329,4.7
Aglomerado Ushuaia – Río Grande ,32000,1390,4.3
Aglomerado Ushuaia – Río Grande ,36000,1441,4
Aglomerado Ushuaia – Río Grande ,40000,1484,3.7
Aglomerado Ushuaia – Río Grande ,44000,1518,3.4
Aglomerado Ushuaia – Río Grande ,48000,1544,3.2
Aglomerado Ushuaia – Río Grande ,52000,1564,3
Aglomerado Ushuaia – Río Grande ,56000,1576,2.8
Aglomerado Ushuaia – Río Grande ,60000,1582,2.6
Aglomerado Ushuaia – Río Grande ,70000,1565,2.2
Aglomerado Ushuaia – Río Grande ,80000,1506,1.9
Aglomerado Ciudad de Buenos Aires ,16000,5945,37.2
Aglomerado Ciudad de Buenos Aires ,20000,6642,33.2
Aglomerado Ciudad de Buenos Aires ,24000,7271,30.3
Aglomerado Ciudad de Buenos Aires ,28000,7848,28
Aglomerado Ciudad de Buenos Aires ,32000,8385,26.2
Aglomerado Ciudad de Buenos Aires ,36000,8887,24.7
Aglomerado Ciudad de Buenos Aires ,40000,9362,23.4
Aglomerado Ciudad de Buenos Aires ,44000,9812,22.3
Aglomerado Ciudad de Buenos Aires ,48000,10241,21.3
Aglomerado Ciudad de Buenos Aires ,52000,10652,20.5
Aglomerado Ciudad de Buenos Aires ,56000,11047,19.7
Aglomerado Ciudad de Buenos Aires ,60000,11427,19
Aglomerado Ciudad de Buenos Aires ,70000,12321,17.6
Aglomerado Ciudad de Buenos Aires ,80000,13150,16.4
Aglomerado Ciudad de Buenos Aires ,100000,14651,14.7
Aglomerado Ciudad de Buenos Aires ,150000,17788,11.9
Aglomerado Ciudad de Buenos Aires ,200000,20359,10.2
Aglomerado Ciudad de Buenos Aires ,300000,24484,8.2
Aglomerado Ciudad de Buenos Aires ,400000,27742,6.9
Aglomerado Ciudad de Buenos Aires ,500000,30412,6.1
Aglomerado Ciudad de Buenos Aires ,600000,32640,5.4
Aglomerado Ciudad de Buenos Aires ,700000,34511,4.9
Aglomerado Ciudad de Buenos Aires ,800000,36080,4.5
Aglomerado Ciudad de Buenos Aires ,900000,37387,4.2
Aglomerado Partidos del GBA ,16000,6168,38.6
Aglomerado Partidos del GBA ,20000,6895,34.5
Aglomerado Partidos del GBA ,24000,7551,31.5
Aglomerado Partidos del GBA ,28000,8155,29.1
Aglomerado Partidos del GBA ,32000,8716,27.2
Aglomerado Partidos del GBA ,36000,9243,25.7
Aglomerado Partidos del GBA ,40000,9741,24.4
Aglomerado Partidos del GBA ,44000,10214,23.2
Aglomerado Partidos del GBA ,48000,10666,22.2
Aglomerado Partidos del GBA ,52000,11100,21.3
Aglomerado Partidos del GBA ,56000,11516,20.6
Aglomerado Partidos del GBA ,60000,11918,19.9
Aglomerado Partidos del GBA ,70000,12867,18.4
Aglomerado Partidos del GBA ,80000,13748,17.2
Aglomerado Partidos del GBA ,100000,15355,15.4
Aglomerado Partidos del GBA ,120000,16804,14
Aglomerado Partidos del GBA ,140000,18132,13
Aglomerado Partidos del GBA ,160000,19365,12.1
Aglomerado Partidos del GBA ,180000,20519,11.4
Aglomerado Partidos del GBA ,200000,21607,10.8
Aglomerado Partidos del GBA ,300000,26328,8.8
Aglomerado Partidos del GBA ,400000,30245,7.6
Aglomerado Partidos del GBA ,500000,33639,6.7
Aglomerado Partidos del GBA ,600000,36657,6.1
Aglomerado Partidos del GBA ,700000,39384,5.6
Aglomerado Partidos del GBA ,800000,41878,5.2
Aglomerado Partidos del GBA ,1000000,46313,4.6
Aglomerado Partidos del GBA ,1500000,55135,3.7
Aglomerado Partidos del GBA ,2000000,61777,3.1
Aglomerado Partidos del GBA ,2500000,66893,2.7
Aglomerado Mar del Plata - Batán ,6000,2199,36.6
Aglomerado Mar del Plata - Batán ,8000,2535,31.7
Aglomerado Mar del Plata - Batán ,12000,3094,25.8
Aglomerado Mar del Plata - Batán ,16000,3561,22.3
Aglomerado Mar del Plata - Batán ,20000,3968,19.8
Aglomerado Mar del Plata - Batán ,24000,4332,18.1
Aglomerado Mar del Plata - Batán ,28000,4664,16.7
Aglomerado Mar del Plata - Batán ,32000,4969,15.5
Aglomerado Mar del Plata - Batán ,36000,5252,14.6
Aglomerado Mar del Plata - Batán ,40000,5517,13.8
Aglomerado Mar del Plata - Batán ,44000,5767,13.1
Aglomerado Mar del Plata - Batán ,48000,6002,12.5
Aglomerado Mar del Plata - Batán ,52000,6225,12
Aglomerado Mar del Plata - Batán ,56000,6437,11.5
Aglomerado Mar del Plata - Batán ,60000,6640,11.1
Aglomerado Mar del Plata - Batán ,70000,7107,10.2
Aglomerado Mar del Plata - Batán ,80000,7528,9.4
Aglomerado Mar del Plata - Batán ,100000,8259,8.3
Aglomerado Mar del Plata - Batán ,120000,8871,7.4
Aglomerado Mar del Plata - Batán ,140000,9388,6.7
Aglomerado Mar del Plata - Batán ,160000,9825,6.1
Aglomerado Mar del Plata - Batán ,180000,10191,5.7
Aglomerado Mar del Plata - Batán ,200000,10494,5.2
Aglomerado Mar del Plata - Batán ,300000,11214,3.7
Aglomerado Río Cuarto ,2000,713,35.6
Aglomerado Río Cuarto ,4000,1002,25
Aglomerado Río Cuarto ,6000,1219,20.3
Aglomerado Río Cuarto ,8000,1399,17.5
Aglomerado Río Cuarto ,12000,1691,14.1
Aglomerado Río Cuarto ,16000,1927,12
Aglomerado Río Cuarto ,20000,2125,10.6
Aglomerado Río Cuarto ,24000,2296,9.6
Aglomerado Río Cuarto ,28000,2444,8.7
Aglomerado Río Cuarto ,32000,2574,8
Aglomerado Río Cuarto ,36000,2689,7.5
Aglomerado Río Cuarto ,40000,2790,7
Aglomerado Río Cuarto ,44000,2879,6.5
Aglomerado Río Cuarto ,48000,2956,6.2
Aglomerado Río Cuarto ,52000,3024,5.8
Aglomerado Río Cuarto ,56000,3082,5.5
Aglomerado Río Cuarto ,60000,3130,5.2
Aglomerado Río Cuarto ,70000,3215,4.6
Aglomerado Río Cuarto ,80000,3251,4.1
Aglomerado Río Cuarto ,100000,3175,3.2
Aglomerado San Nicolás – Villa Constitución ,2000,586,29.3
Aglomerado San Nicolás – Villa Constitución ,4000,825,20.6
Aglomerado San Nicolás – Villa Constitución ,6000,1004,16.7
Aglomerado San Nicolás – Villa Constitución ,8000,1153,14.4
Aglomerado San Nicolás – Villa Constitución ,12000,1395,11.6
Aglomerado San Nicolás – Villa Constitución ,16000,1592,9.9
Aglomerado San Nicolás – Villa Constitución ,20000,1758,8.8
Aglomerado San Nicolás – Villa Constitución ,24000,1901,7.9
Aglomerado San Nicolás – Villa Constitución ,28000,2027,7.2
Aglomerado San Nicolás – Villa Constitución ,32000,2139,6.7
Aglomerado San Nicolás – Villa Constitución ,36000,2237,6.2
Aglomerado San Nicolás – Villa Constitución ,40000,2325,5.8
Aglomerado San Nicolás – Villa Constitución ,44000,2404,5.5
Aglomerado San Nicolás – Villa Constitución ,48000,2473,5.2
Aglomerado San Nicolás – Villa Constitución ,52000,2535,4.9
Aglomerado San Nicolás – Villa Constitución ,56000,2589,4.6
Aglomerado San Nicolás – Villa Constitución ,60000,2637,4.4
Aglomerado San Nicolás – Villa Constitución ,70000,2726,3.9
Aglomerado San Nicolás – Villa Constitución ,80000,2779,3.5
Aglomerado San Nicolás – Villa Constitución ,100000,2778,2.8
Aglomerado Rawson – Trelew ,2000,504,25.2
Aglomerado Rawson – Trelew ,4000,707,17.7
Aglomerado Rawson – Trelew ,6000,859,14.3
Aglomerado Rawson – Trelew ,8000,984,12.3
Aglomerado Rawson – Trelew ,12000,1185,9.9
Aglomerado Rawson – Trelew ,16000,1345,8.4
Aglomerado Rawson – Trelew ,20000,1476,7.4
Aglomerado Rawson – Trelew ,24000,1587,6.6
Aglomerado Rawson – Trelew ,28000,1682,6
Aglomerado Rawson – Trelew ,32000,1762,5.5
Aglomerado Rawson – Trelew ,36000,1830,5.1
Aglomerado Rawson – Trelew ,40000,1887,4.7
Aglomerado Rawson – Trelew ,44000,1934,4.4
Aglomerado Rawson – Trelew ,48000,1972,4.1
Aglomerado Rawson – Trelew ,52000,2002,3.8
Aglomerado Rawson – Trelew ,56000,2023,3.6
Aglomerado Rawson – Trelew ,60000,2036,3.4
Aglomerado Viedma – Carmen de Patagones ,2000,399,19.9
Aglomerado Viedma – Carmen de Patagones ,4000,556,13.9
Aglomerado Viedma – Carmen de Patagones ,6000,672,11.2
Aglomerado Viedma – Carmen de Patagones ,8000,764,9.6
Aglomerado Viedma – Carmen de Patagones ,12000,908,7.6
Aglomerado Viedma – Carmen de Patagones ,16000,1016,6.3
Aglomerado Viedma – Carmen de Patagones ,20000,1097,5.5
Aglomerado Viedma – Carmen de Patagones ,24000,1159,4.8
Aglomerado Viedma – Carmen de Patagones ,28000,1203,4.3
Aglomerado Viedma – Carmen de Patagones ,32000,1232,3.8
